Data,SI,Sudut,m,n,Status,
1,0, 1.#QNAN, 1.#QNAN, 1.#QNAN, FALSE, 
2,0,2.11575,13.7606, -1.#IND, FALSE, 
3,0,2.58802, -1.#IND,0.58541, FALSE, 
4,0,2.21911, -1.#IND,0.161688, FALSE, 
5,0,1.64785,2.17157, -1.#IND, FALSE, 
6,0,1.5156, -1.#IND, -1.#IND, FALSE, 
7,0,1.31575,3.73419, -1.#IND, FALSE, 
8,0,1.38614, -1.#IND, -1.#IND, FALSE, 
9,0,1.38381, -1.#IND, -1.#IND, FALSE, 
10,0,1.38598, -1.#IND, -1.#IND, FALSE, 
11,0,1.34546,0.08915, -1.#IND, FALSE, 
12,0,1.33831, -1.#IND,9.11E-05, FALSE, 
13,0,1.33538,0.0855001, -1.#IND, FALSE, 
14,0,1.31684,0.554855, -1.#IND, FALSE, 
15,0,1.30623,0.721577,3.33E-05, FALSE, 
16,0,1.29716, -1.#IND, -1.#IND, FALSE, 
17,0,3.02451, -1.#IND,0.000896362, FALSE, 
18,0,3.05444, -1.#IND,0.0136594, FALSE, 
19,0,3.04306,2.63E-05, -1.#IND, FALSE, 
20,0,1.42827,0.113744,0.000813693, FALSE, 
21,0,1.58648,0.372351,5.72E-06, FALSE, 
22,0,1.60565, -1.#IND,1.55E-05, FALSE, 
23,0,1.5711, -1.#IND,4.56E-10, FALSE, 
24,0,1.56472, -1.#IND,4.31E-07, FALSE, 
25,0,1.61516,0.216162, -1.#IND, FALSE, 
26,0,1.6687,0.335158, -1.#IND, FALSE, 
27,0,1.61381,0.313137, -1.#IND, FALSE, 
28,0,1.57118,0.320664, -1.#IND, FALSE, 
29,0,1.42853, -1.#IND,0.000143553, FALSE, 
30,0,1.37111,3.07286,0.00303056, FALSE, 
31,0,1.34041,1.96669,0.00421059, FALSE, 
32,0,1.31683,1.63052,0.00553646, FALSE, 
33,0,1.30135,1.48694,0.00555534, FALSE, 
34,0,1.28691,1.34141,0.00524435, FALSE, 
35,0,1.27933,1.00759,0.00164227, FALSE, 
36,0,1.25581,0.707456,0.00128217, FALSE, 
37,0,1.22778,0.561688,0.00166705, FALSE, 
38,0,1.21273,11.9378, -1.#IND, FALSE, 
39,0,1.17623,3.00737, -1.#IND, FALSE, 
40,0,1.09525,1.85923, -1.#IND, FALSE, 
41,0,1.02023,1.88361, -1.#IND, FALSE, 
42,0,1.01765,3.58793, -1.#IND, FALSE, 
43,0,1.02162,183.968, -1.#IND, FALSE, 
44,0,1.01276,2.31173,0.0259108, FALSE, 
45,0,1.00231,0.396778,0.00879379, FALSE, 
46,0,0.95325,1.93693,0.033808, FALSE, 
47,0,0.900683,54.7292,0.350693, FALSE, 
48,0,0.795813,3.62936, -1.#IND, FALSE, 
49,0,2.4111,2.17306, -1.#IND, FALSE, 
50,0,2.51158,1.08357, -1.#IND, FALSE, 
51,0,2.47118,2.09514, -1.#IND, FALSE, 
52,0,2.49311,2.28345, -1.#IND, FALSE, 
53,0,2.48262,6.38745, -1.#IND, FALSE, 
54,0,2.516,6.07528, -1.#IND, FALSE, 
55,0,2.6273,0.993375, -1.#IND, FALSE, 
56,0,2.7138,0.468336, -1.#IND, FALSE, 
57,0,2.80256,0.232304, -1.#IND, FALSE, 
58,0,2.93726,0.0649564, -1.#IND, FALSE, 
59,0,3.04083,0.0137424, -1.#IND, FALSE, 
60,0,3.11057,0.00120575, -1.#IND, FALSE, 
61,0,3.09651,0.00234522, -1.#IND, FALSE, 
62,0,3.09304,0.0027529, -1.#IND, FALSE, 
63,0,3.0392,0.0116808, -1.#IND, FALSE, 
64,2.14154,2.96056,0.0359988,35.1159, TRUE, 
65,2.09588,2.90295,0.058283,9.68074, TRUE, 
66,2.09815,2.87688,0.070835,7.55064, TRUE, 
67,2.09731,2.84207,0.0887325,5.85306, TRUE, 
68,2.11151,2.82068,0.101827,5.18745, TRUE, 
69,2.12307,2.78662,0.123075,4.34003, TRUE, 
70,2.16271,2.81629,0.109324,5.62213, TRUE, 
71,2.21378,2.88398,0.0747031,16.485, TRUE, 
72,2.23874,2.88524,0.0755792,27.9778, TRUE, 
73,0,2.90023,0.067761, -1.#IND, FALSE, 
74,0,2.88836,0.0750471, -1.#IND, FALSE, 
75,0,2.86931,0.0870736, -1.#IND, FALSE, 
76,0,2.85058,0.0996713, -1.#IND, FALSE, 
77,0,2.82729,0.116734, -1.#IND, FALSE, 
78,0,2.80335,0.134929, -1.#IND, FALSE, 
79,0,2.77446,0.160571, -1.#IND, FALSE, 
80,0,2.74293,0.196056, -1.#IND, FALSE, 
81,0,2.7099,0.241383, -1.#IND, FALSE, 
82,0,2.67491,0.298718, -1.#IND, FALSE, 
83,0,2.63617,0.368542, -1.#IND, FALSE, 
84,3.08402,2.59311,0.475472,46.6947, TRUE, 
85,3.29336,2.53865,0.611461,18.1717, TRUE, 
86,3.54662,2.4773,0.791559,11.5838, TRUE, 
87,3.84748,2.40606,1.03073,8.23107, TRUE, 
88,4.20665,0.815317,1.33179,6.38801, TRUE, 
89,4.64442,0.907444,1.70701,4.95196, TRUE, 
90,5.16149,0.998878,2.11439,3.9693, TRUE, 
91,5.93349,1.11688,2.58854,2.89638, TRUE, 
92,6.91113,1.21942,3.00416,2.1321, TRUE, 
93,8.24071,1.31155,3.35813,1.51163, TRUE, 
94,10.7082,1.3995,3.65265,1.03872, TRUE, 
95,15.9679,1.47042,3.96167,0.754324, TRUE, 
96,0,1.60581,2.12492, -1.#IND, FALSE, 
97,0,1.59195,3.75692, -1.#IND, FALSE, 
98,0,1.6361,3.91437, -1.#IND, FALSE, 
99,0,1.67334,4.03178, -1.#IND, FALSE, 
100,0,1.70393,4.16164, -1.#IND, FALSE, 
101,0,1.72737,4.31334, -1.#IND, FALSE, 
102,0,1.75574,4.41218, -1.#IND, FALSE, 
103,0,1.78636,4.43555, -1.#IND, FALSE, 
104,0,1.81597,4.46027, -1.#IND, FALSE, 
105,0,1.84323,4.47002, -1.#IND, FALSE, 
106,0,1.86931,4.50343, -1.#IND, FALSE, 
107,0,1.89618,4.45691, -1.#IND, FALSE, 
108,0,1.9221,4.40983, -1.#IND, FALSE, 
109,0,1.94737,4.31276, -1.#IND, FALSE, 
110,0,1.97198,4.22687, -1.#IND, FALSE, 
111,0,1.99623,4.1285, -1.#IND, FALSE, 
112,0,2.01575,4.08007, -1.#IND, FALSE, 
113,0,2.03527,4.04449, -1.#IND, FALSE, 
114,0,2.0583,3.98494, -1.#IND, FALSE, 
115,0,2.08443,3.88912, -1.#IND, FALSE, 
116,0,2.10893,3.85327, -1.#IND, FALSE, 
117,0,2.13886,3.79522, -1.#IND, FALSE, 
118,0,2.17119,3.6604, -1.#IND, FALSE, 
119,0,2.20116,3.52288, -1.#IND, FALSE, 
120,0,2.22935,3.39911, -1.#IND, FALSE, 
121,0,2.25711,3.2941, -1.#IND, FALSE, 
122,0,2.28808,3.14889, -1.#IND, FALSE, 
123,0,2.31776,2.98204, -1.#IND, FALSE, 
124,0,2.34858,2.79855, -1.#IND, FALSE, 
125,0,2.3759,2.63266, -1.#IND, FALSE, 
126,0,2.40379,2.46191, -1.#IND, FALSE, 
127,0,2.43143,2.28606, -1.#IND, FALSE, 
128,0,2.46851,2.05424, -1.#IND, FALSE, 
129,0,2.50272,1.86196, -1.#IND, FALSE, 
130,0,2.53532,1.67449, -1.#IND, FALSE, 
131,0,2.56134,1.53406, -1.#IND, FALSE, 
132,0,2.6041,1.29267, -1.#IND, FALSE, 
133,0,2.64882,1.05735, -1.#IND, FALSE, 
134,0,2.69365,0.841014, -1.#IND, FALSE, 
135,0,2.74344,0.633599, -1.#IND, FALSE, 
136,0,2.79308,0.461126, -1.#IND, FALSE, 
137,0,2.84439,0.316586, -1.#IND, FALSE, 
138,0,2.89538,0.204358, -1.#IND, FALSE, 
139,0,2.94196,0.126766, -1.#IND, FALSE, 
140,0,2.98123,0.0777081, -1.#IND, FALSE, 
141,0,3.0205,0.0421699, -1.#IND, FALSE, 
142,0,3.05857,0.0189455, -1.#IND, FALSE, 
143,0,3.09292,0.00627238, -1.#IND, FALSE, 
144,0,3.12438,0.000760771, -1.#IND, FALSE, 
145,0,3.12356,0.000809421, -1.#IND, FALSE, 
146,0,3.09095,0.00623609, -1.#IND, FALSE, 
147,0,3.05578,0.0175653, -1.#IND, FALSE, 
148,0,3.02383,0.0329407, -1.#IND, FALSE, 
149,0,2.99427,0.0517528, -1.#IND, FALSE, 
150,0,2.96513,0.0755134, -1.#IND, FALSE, 
151,0,2.9378,0.103268, -1.#IND, FALSE, 
152,0,2.90852,0.139204, -1.#IND, FALSE, 
153,0,2.87429,0.190395, -1.#IND, FALSE, 
154,0,2.84246,0.249852, -1.#IND, FALSE, 
155,0,2.81041,0.322632, -1.#IND, FALSE, 
156,0,2.77022,0.429058, -1.#IND, FALSE, 
157,0,2.72702,0.569209, -1.#IND, FALSE, 
158,0,2.68419,0.739043, -1.#IND, FALSE, 
159,0,2.63748,0.957258, -1.#IND, FALSE, 
160,0,2.58595,1.23858, -1.#IND, FALSE, 
161,0,2.53064,1.5977, -1.#IND, FALSE, 
162,0,2.46848,2.06027, -1.#IND, FALSE, 
163,0,2.405,2.61895, -1.#IND, FALSE, 
164,0,0.806712,3.31445, -1.#IND, FALSE, 
165,0,0.886115,4.15401, -1.#IND, FALSE, 
166,0,0.955812,5.01778, -1.#IND, FALSE, 
167,0,2.11822,5.91277, -1.#IND, FALSE, 
168,0,2.0512,6.82681, -1.#IND, FALSE, 
169,0,1.99301,7.76093, -1.#IND, FALSE, 
170,0,1.93609,8.65655, -1.#IND, FALSE, 
171,0,1.88359,9.48484, -1.#IND, FALSE, 
172,0,1.83995,10.3364, -1.#IND, FALSE, 
173,0,1.80117,11.2465, -1.#IND, FALSE, 
174,0,1.76388,12.0571, -1.#IND, FALSE, 
175,0,1.72847,12.7539, -1.#IND, FALSE, 
176,0,1.69492,13.3206, -1.#IND, FALSE, 
177,0,1.66356,13.9324, -1.#IND, FALSE, 
178,0,1.63442,14.5197, -1.#IND, FALSE, 
179,0,1.60604,15.1103, -1.#IND, FALSE, 
180,0,1.578,15.82, -1.#IND, FALSE, 
181,0,1.55012,16.6281, -1.#IND, FALSE, 
182,0,1.52329,17.2197, -1.#IND, FALSE, 
183,0,1.49775,17.7429, -1.#IND, FALSE, 
184,0,1.4698,18.2249, -1.#IND, FALSE, 
185,0,1.43987,18.5883, -1.#IND, FALSE, 
186,0,1.40761,18.9625, -1.#IND, FALSE, 
187,0,1.37323,19.3583, -1.#IND, FALSE, 
188,0,1.33887,19.2543, -1.#IND, FALSE, 
189,0,1.30201,19.0591, -1.#IND, FALSE, 
190,0,1.26104,18.5729, -1.#IND, FALSE, 
191,0,1.21465,17.7911, -1.#IND, FALSE, 
192,0,1.1616,16.6629, -1.#IND, FALSE, 
193,0,1.10232,15.1809, -1.#IND, FALSE, 
194,0,1.0381,13.4218, -1.#IND, FALSE, 
195,0,2.18253,11.3958, -1.#IND, FALSE, 
196,0,2.26622,9.23324, -1.#IND, FALSE, 
197,0,2.35768,7.07759, -1.#IND, FALSE, 
198,0,2.4506,5.15279, -1.#IND, FALSE, 
199,0,2.51688,3.89061, -1.#IND, FALSE, 
200,0,2.59086,2.76957, -1.#IND, FALSE, 
201,0,2.66566,1.87675, -1.#IND, FALSE, 
202,0,2.72803,1.28531, -1.#IND, FALSE, 
203,0,2.77836,0.903878, -1.#IND, FALSE, 
204,0,2.82873,0.60966, -1.#IND, FALSE, 
205,0,2.87442,0.405549, -1.#IND, FALSE, 
206,0,2.92015,0.253925, -1.#IND, FALSE, 
207,0,2.96521,0.146946, -1.#IND, FALSE, 
208,0,3.0075,0.0777417, -1.#IND, FALSE, 
209,0,3.04877,0.0342188, -1.#IND, FALSE, 
210,0,3.08419,0.0121405, -1.#IND, FALSE, 
211,0,3.11532,0.00238974, -1.#IND, FALSE, 
212,0,3.13665,7.99E-05, -1.#IND, FALSE, 
213,0,3.10755,0.00361587, -1.#IND, FALSE, 
214,0,3.0803,0.0112875, -1.#IND, FALSE, 
215,0,3.05254,0.0229111, -1.#IND, FALSE, 
216,0,3.02624,0.0373152, -1.#IND, FALSE, 
217,0,2.99774,0.0568234, -1.#IND, FALSE, 
218,0,2.9682,0.0812724, -1.#IND, FALSE, 
219,0,2.93884,0.11028, -1.#IND, FALSE, 
220,0,2.90911,0.145328, -1.#IND, FALSE, 
221,0,2.8801,0.186147, -1.#IND, FALSE, 
222,0,2.85061,0.235377, -1.#IND, FALSE, 
223,0,2.82261,0.290736, -1.#IND, FALSE, 
224,0,2.79236,0.360377, -1.#IND, FALSE, 
225,0,2.7603,0.447541, -1.#IND, FALSE, 
226,0,2.72581,0.55565, -1.#IND, FALSE, 
227,0,2.68845,0.693093, -1.#IND, FALSE, 
228,0,2.65021,0.858184, -1.#IND, FALSE, 
229,0,2.61376,1.04434, -1.#IND, FALSE, 
230,0,2.57476,1.27233, -1.#IND, FALSE, 
231,0,2.52946,1.56404, -1.#IND, FALSE, 
232,0,2.47995,1.92505, -1.#IND, FALSE, 
233,0,2.43246,2.33826, -1.#IND, FALSE, 
234,0,2.38618,2.80401, -1.#IND, FALSE, 
235,0,0.810023,3.39517, -1.#IND, FALSE, 
236,0,0.856539,4.0006, -1.#IND, FALSE, 
237,0,0.907196,4.70752, -1.#IND, FALSE, 
238,0,0.957969,5.49075, -1.#IND, FALSE, 
239,0,1.01696,6.38379, -1.#IND, FALSE, 
240,0,2.0649,7.3381, -1.#IND, FALSE, 
241,0,2.0063,8.33384, -1.#IND, FALSE, 
242,0,1.95304,9.28996, -1.#IND, FALSE, 
243,0,1.90183,10.2596, -1.#IND, FALSE, 
244,0,1.85156,11.1596, -1.#IND, FALSE, 
245,0,1.80316,11.9011, -1.#IND, FALSE, 
246,0,1.75795,12.5456, -1.#IND, FALSE, 
247,0,1.71721,13.0852, -1.#IND, FALSE, 
248,0,1.6801,13.579, -1.#IND, FALSE, 
249,0,1.64516,14.0536, -1.#IND, FALSE, 
250,0,1.61295,14.4055, -1.#IND, FALSE, 
251,0,1.58136,14.8665, -1.#IND, FALSE, 
252,0,1.55184,14.9689, -1.#IND, FALSE, 
253,0,1.52398,15.1524, -1.#IND, FALSE, 
254,0,1.49692,15.2985, -1.#IND, FALSE, 
255,0,1.46964,15.5137, -1.#IND, FALSE, 
256,0,1.44141,15.8675, -1.#IND, FALSE, 
257,0,1.41064,16.3176, -1.#IND, FALSE, 
258,0,1.38072,16.4312, -1.#IND, FALSE, 
259,0,1.34744,16.5963, -1.#IND, FALSE, 
260,0,1.31133,16.6838, -1.#IND, FALSE, 
261,0,1.27369,16.4585, -1.#IND, FALSE, 
262,0,1.23151,16.1209, -1.#IND, FALSE, 
263,0,1.18838,15.4939, -1.#IND, FALSE, 
264,0,1.14121,14.6976, -1.#IND, FALSE, 
265,0,1.08669,13.7116, -1.#IND, FALSE, 
266,0,2.11321,12.4937, -1.#IND, FALSE, 
267,0,2.17725,11.0622, -1.#IND, FALSE, 
268,0,2.24498,9.50581, -1.#IND, FALSE, 
269,0,2.31308,7.95194, -1.#IND, FALSE, 
270,0,2.38073,6.48929, -1.#IND, FALSE, 
271,0,2.44353,5.22824, -1.#IND, FALSE, 
272,0,2.49854,4.2154, -1.#IND, FALSE, 
273,0,2.55174,3.35538, -1.#IND, FALSE, 
274,0,2.61414,2.51887, -1.#IND, FALSE, 
275,0,2.67519,1.83827, -1.#IND, FALSE, 
276,0,2.73192,1.31939, -1.#IND, FALSE, 
277,0,2.79406,0.875756, -1.#IND, FALSE, 
278,0,2.85151,0.562245, -1.#IND, FALSE, 
279,0,2.90615,0.34087, -1.#IND, FALSE, 
280,0,2.95382,0.20096, -1.#IND, FALSE, 
281,0,2.99855,0.108954, -1.#IND, FALSE, 
282,0,3.03835,0.0534998, -1.#IND, FALSE, 
283,0,3.07476,0.0211726, -1.#IND, FALSE, 
284,0,3.10922,0.00471546, -1.#IND, FALSE, 
285,0,3.13832,4.63E-05, -1.#IND, FALSE, 
286,0,3.11637,0.00264594, -1.#IND, FALSE, 
287,0,3.08533,0.0127512, -1.#IND, FALSE, 
288,0,3.05248,0.0312111, -1.#IND, FALSE, 
289,0,3.01773,0.0593559, -1.#IND, FALSE, 
290,0,2.98796,0.0909598, -1.#IND, FALSE, 
291,0,2.95779,0.130899, -1.#IND, FALSE, 
292,0,2.9284,0.178184, -1.#IND, FALSE, 
293,0,2.89733,0.23918, -1.#IND, FALSE, 
294,0,2.86486,0.316737, -1.#IND, FALSE, 
295,0,2.83266,0.40948, -1.#IND, FALSE, 
296,0,2.80384,0.509537, -1.#IND, FALSE, 
297,0,2.77627,0.625334, -1.#IND, FALSE, 
298,0,2.74918,0.759303, -1.#IND, FALSE, 
299,0,2.71712,0.936318, -1.#IND, FALSE, 
300,0,2.68133,1.16395, -1.#IND, FALSE, 
301,0,2.64111,1.45499, -1.#IND, FALSE, 
302,0,2.59072,1.86984, -1.#IND, FALSE, 
303,0,2.54187,2.35727, -1.#IND, FALSE, 
304,0,2.49675,2.90493, -1.#IND, FALSE, 
305,0,2.45469,3.52405, -1.#IND, FALSE, 
306,0,2.40701,4.28792, -1.#IND, FALSE, 
307,0,0.789477,5.2575, -1.#IND, FALSE, 
308,0,0.848889,6.40575, -1.#IND, FALSE, 
309,0,0.907165,7.70264, -1.#IND, FALSE, 
310,0,0.962999,9.12627, -1.#IND, FALSE, 
311,0,2.12384,10.6464, -1.#IND, FALSE, 
312,0,2.06263,12.2398, -1.#IND, FALSE, 
313,0,2.00346,13.8535, -1.#IND, FALSE, 
314,0,1.94305,15.3647, -1.#IND, FALSE, 
315,0,1.88714,16.6855, -1.#IND, FALSE, 
316,0,1.83629,17.8415, -1.#IND, FALSE, 
317,0,1.79263,18.7966, -1.#IND, FALSE, 
318,0,1.75229,19.8476, -1.#IND, FALSE, 
319,0,1.71292,20.6257, -1.#IND, FALSE, 
320,0,1.6771,21.1738, -1.#IND, FALSE, 
321,0,1.64707,21.895, -1.#IND, FALSE, 
322,0,1.6189,22.3244, -1.#IND, FALSE, 
323,0,1.5917,22.9932, -1.#IND, FALSE, 
324,0,1.56635,23.6001, -1.#IND, FALSE, 
325,0,1.54136,24.2961, -1.#IND, FALSE, 
326,0,1.51704,25.0077, -1.#IND, FALSE, 
327,0,1.49338,25.3608, -1.#IND, FALSE, 
328,0,1.46969,25.5996, -1.#IND, FALSE, 
329,0,1.44438,25.8412, -1.#IND, FALSE, 
330,0,1.4168,26.2672, -1.#IND, FALSE, 
331,0,1.38716,26.665, -1.#IND, FALSE, 
332,0,1.35411,26.9955, -1.#IND, FALSE, 
333,0,1.31977,26.9775, -1.#IND, FALSE, 
334,0,1.27784,27.175, -1.#IND, FALSE, 
335,0,1.22478,26.9385, -1.#IND, FALSE, 
336,0,1.16129,25.9197, -1.#IND, FALSE, 
337,0,1.09665,23.8165, -1.#IND, FALSE, 
338,0,1.0233,20.9639, -1.#IND, FALSE, 
339,0,2.20354,17.5542, -1.#IND, FALSE, 
340,0,2.29569,13.9037, -1.#IND, FALSE, 
341,0,2.3971,10.2708, -1.#IND, FALSE, 
342,0,2.49234,7.25583, -1.#IND, FALSE, 
343,0,2.57297,5.0728, -1.#IND, FALSE, 
344,0,2.64411,3.51029, -1.#IND, FALSE, 
345,0,2.70571,2.42772, -1.#IND, FALSE, 
346,0,2.75257,1.75078, -1.#IND, FALSE, 
347,0,2.80506,1.18105, -1.#IND, FALSE, 
348,0,2.85527,0.770903, -1.#IND, FALSE, 
349,0,2.8982,0.505475, -1.#IND, FALSE, 
350,0,2.93975,0.31703, -1.#IND, FALSE, 
351,0,2.98301,0.178565, -1.#IND, FALSE, 
352,0,3.02183,0.0936183, -1.#IND, FALSE, 
353,0,3.05715,0.0430647, -1.#IND, FALSE, 
354,0,3.0923,0.0136457, -1.#IND, FALSE, 
355,0,3.12424,0.00158917, -1.#IND, FALSE, 
356,0,3.12767,0.000971687, -1.#IND, FALSE, 
357,0,3.09843,0.00896545, -1.#IND, FALSE, 
358,0,3.07125,0.0230058, -1.#IND, FALSE, 
359,0,3.04493,0.0419884, -1.#IND, FALSE, 
360,0,3.01742,0.067405, -1.#IND, FALSE, 
361,0,2.99137,0.0962673, -1.#IND, FALSE, 
362,0,2.96257,0.133865, -1.#IND, FALSE, 
363,0,2.93406,0.178975, -1.#IND, FALSE, 
364,0,2.90656,0.23029, -1.#IND, FALSE, 
365,0,2.876,0.297461, -1.#IND, FALSE, 
366,0,2.8495,0.367334, -1.#IND, FALSE, 
367,0,2.82138,0.454927, -1.#IND, FALSE, 
368,0,2.79127,0.56436, -1.#IND, FALSE, 
369,0,2.75869,0.701941, -1.#IND, FALSE, 
370,0,2.72276,0.88052, -1.#IND, FALSE, 
371,0,2.68714,1.0897, -1.#IND, FALSE, 
372,0,2.65218,1.33495, -1.#IND, FALSE, 
373,0,2.62138,1.5949, -1.#IND, FALSE, 
374,0,2.58176,1.95679, -1.#IND, FALSE, 
375,0,2.5335,2.44038, -1.#IND, FALSE, 
376,0,2.48065,3.0504, -1.#IND, FALSE, 
377,0,2.41714,3.85066, -1.#IND, FALSE, 
378,0,0.788219,4.77781, -1.#IND, FALSE, 
379,0,0.850654,5.82212, -1.#IND, FALSE, 
380,0,0.919586,7.04123, -1.#IND, FALSE, 
381,0,0.981741,8.30657, -1.#IND, FALSE, 
382,0,2.09968,9.57717, -1.#IND, FALSE, 
383,0,2.04134,10.9047, -1.#IND, FALSE, 
384,0,1.98517,12.2384, -1.#IND, FALSE, 
385,0,1.92791,13.5327, -1.#IND, FALSE, 
386,0,1.8805,14.8308, -1.#IND, FALSE, 
387,0,1.83297,15.9765, -1.#IND, FALSE, 
388,0,1.78788,17.0167, -1.#IND, FALSE, 
389,0,1.74397,17.6992, -1.#IND, FALSE, 
390,0,1.70679,18.5157, -1.#IND, FALSE, 
391,0,1.67262,19.2783, -1.#IND, FALSE, 
392,0,1.63878,19.9829, -1.#IND, FALSE, 
393,0,1.60867,20.835, -1.#IND, FALSE, 
394,0,1.57905,21.5479, -1.#IND, FALSE, 
395,0,1.54989,22.1404, -1.#IND, FALSE, 
396,0,1.5209,22.7513, -1.#IND, FALSE, 
397,0,1.49303,23.2373, -1.#IND, FALSE, 
398,0,1.4669,23.2101, -1.#IND, FALSE, 
399,0,1.44009,23.3621, -1.#IND, FALSE, 
400,0,1.41253,23.5883, -1.#IND, FALSE, 
401,0,1.38172,24.0033, -1.#IND, FALSE, 
402,0,1.35108,24.0752, -1.#IND, FALSE, 
403,0,1.31718,24.0888, -1.#IND, FALSE, 
404,0,1.27859,24.0115, -1.#IND, FALSE, 
405,0,1.23486,23.5243, -1.#IND, FALSE, 
406,0,1.19028,22.5592, -1.#IND, FALSE, 
407,0,1.14214,21.263, -1.#IND, FALSE, 
408,0,1.08035,19.7068, -1.#IND, FALSE, 
409,0,2.11803,17.7119, -1.#IND, FALSE, 
410,0,2.18274,15.4763, -1.#IND, FALSE, 
411,0,2.25376,13.0638, -1.#IND, FALSE, 
412,0,2.33028,10.6023, -1.#IND, FALSE, 
413,0,2.40588,8.34216, -1.#IND, FALSE, 
414,0,2.48427,6.29152, -1.#IND, FALSE, 
415,0,2.55964,4.60553, -1.#IND, FALSE, 
416,0,2.63086,3.28532, -1.#IND, FALSE, 
417,0,2.69842,2.27677, -1.#IND, FALSE, 
418,0,2.76601,1.49817, -1.#IND, FALSE, 
419,0,2.82782,0.956795, -1.#IND, FALSE, 
420,0,2.8822,0.599694, -1.#IND, FALSE, 
421,0,2.94008,0.330996, -1.#IND, FALSE, 
422,0,2.9903,0.171681, -1.#IND, FALSE, 
423,0,3.03472,0.0794372, -1.#IND, FALSE, 
424,0,3.07174,0.0318358, -1.#IND, FALSE, 
425,0,3.10848,0.00672333, -1.#IND, FALSE, 
426,0,3.13961,2.29E-05, -1.#IND, FALSE, 
427,0,3.10755,0.00644026, -1.#IND, FALSE, 
428,0,3.07528,0.0235609, -1.#IND, FALSE, 
429,0,3.04393,0.049733, -1.#IND, FALSE, 
430,0,3.01424,0.0828583, -1.#IND, FALSE, 
431,0,2.98527,0.123464, -1.#IND, FALSE, 
432,0,2.95756,0.170756, -1.#IND, FALSE, 
433,0,2.92802,0.231726, -1.#IND, FALSE, 
434,0,2.89911,0.304589, -1.#IND, FALSE, 
435,0,2.87071,0.389924, -1.#IND, FALSE, 
436,0,2.84073,0.496197, -1.#IND, FALSE, 
437,0,2.81037,0.626593, -1.#IND, FALSE, 
438,0,2.77887,0.785821, -1.#IND, FALSE, 
439,0,2.74576,0.982652, -1.#IND, FALSE, 
440,0,2.70961,1.23266, -1.#IND, FALSE, 
441,0,2.67261,1.53315, -1.#IND, FALSE, 
442,0,2.63465,1.89756, -1.#IND, FALSE, 
443,0,2.58538,2.42398, -1.#IND, FALSE, 
444,0,2.54149,2.99845, -1.#IND, FALSE, 
445,0,2.49139,3.74309, -1.#IND, FALSE, 
446,0,2.43105,4.73395, -1.#IND, FALSE, 
447,0,2.37339,5.84118, -1.#IND, FALSE, 
448,0,0.834448,7.21675, -1.#IND, FALSE, 
449,0,0.89512,8.69418, -1.#IND, FALSE, 
450,0,0.95839,10.3705, -1.#IND, FALSE, 
451,0,2.12017,12.1417, -1.#IND, FALSE, 
452,0,2.05638,13.9855, -1.#IND, FALSE, 
453,0,1.99751,15.8444, -1.#IND, FALSE, 
454,0,1.94015,17.6114, -1.#IND, FALSE, 
455,0,1.8909,19.2685, -1.#IND, FALSE, 
456,0,1.84686,20.8422, -1.#IND, FALSE, 
457,0,1.80204,22.1059, -1.#IND, FALSE, 
458,0,1.76202,23.2554, -1.#IND, FALSE, 
459,0,1.72948,24.7818, -1.#IND, FALSE, 
460,0,1.69815,25.9638, -1.#IND, FALSE, 
461,0,1.66822,27.2688, -1.#IND, FALSE, 
462,0,1.64049,28.8339, -1.#IND, FALSE, 
463,0,1.61196,29.68, -1.#IND, FALSE, 
464,0,1.58444,30.6802, -1.#IND, FALSE, 
465,0,1.55841,31.4651, -1.#IND, FALSE, 
466,0,1.53262,32.4661, -1.#IND, FALSE, 
467,0,1.50829,33.4615, -1.#IND, FALSE, 
468,0,1.48254,34.4484, -1.#IND, FALSE, 
469,0,1.45592,35.5758, -1.#IND, FALSE, 
470,0,1.42745,36.5774, -1.#IND, FALSE, 
471,0,1.39909,36.7168, -1.#IND, FALSE, 
472,0,1.37052,36.8351, -1.#IND, FALSE, 
473,0,1.33674,37.0441, -1.#IND, FALSE, 
474,0,1.29978,36.9441, -1.#IND, FALSE, 
475,0,1.26294,36.0709, -1.#IND, FALSE, 
476,0,1.22257,34.5255, -1.#IND, FALSE, 
477,0,1.17658,32.5278, -1.#IND, FALSE, 
478,0,1.12624,30.0927, -1.#IND, FALSE, 
479,0,1.0603,27.2373, -1.#IND, FALSE, 
480,0,2.1594,23.6326, -1.#IND, FALSE, 
481,0,2.24602,19.4345, -1.#IND, FALSE, 
482,0,2.33536,15.1621, -1.#IND, FALSE, 
483,0,2.412,11.6376, -1.#IND, FALSE, 
484,0,2.48744,8.65244, -1.#IND, FALSE, 
485,0,2.56523,6.15614, -1.#IND, FALSE, 
486,0,2.64855,4.0848, -1.#IND, FALSE, 
487,0,2.73245,2.52166, -1.#IND, FALSE, 
488,0,2.79905,1.5869, -1.#IND, FALSE, 
489,0,2.86583,0.920515, -1.#IND, FALSE, 
490,0,2.92223,0.524301, -1.#IND, FALSE, 
491,0,2.96865,0.295754, -1.#IND, FALSE, 
492,0,3.01568,0.142554, -1.#IND, FALSE, 
493,0,3.05747,0.0582503, -1.#IND, FALSE, 
494,0,3.09377,0.0174141, -1.#IND, FALSE, 
495,0,3.12669,0.00158407, -1.#IND, FALSE, 
496,0,3.12546,0.00175596, -1.#IND, FALSE, 
497,0,3.09605,0.0133555, -1.#IND, FALSE, 
498,0,3.06912,0.0324091, -1.#IND, FALSE, 
499,0,3.04084,0.0602334, -1.#IND, FALSE, 
500,0,3.01234,0.0958104, -1.#IND, FALSE, 
501,0,2.98579,0.136148, -1.#IND, FALSE, 
502,0,2.95865,0.186044, -1.#IND, FALSE, 
503,0,2.93281,0.242392, -1.#IND, FALSE, 
504,0,2.90815,0.304556, -1.#IND, FALSE, 
505,0,2.88199,0.383224, -1.#IND, FALSE, 
506,0,2.85718,0.469943, -1.#IND, FALSE, 
507,0,2.82654,0.593474, -1.#IND, FALSE, 
508,0,2.79586,0.741546, -1.#IND, FALSE, 
509,0,2.76259,0.928584, -1.#IND, FALSE, 
510,0,2.72935,1.14787, -1.#IND, FALSE, 
511,0,2.69285,1.42936, -1.#IND, FALSE, 
512,0,2.65908,1.7411, -1.#IND, FALSE, 
513,0,2.6193,2.15757, -1.#IND, FALSE, 
514,0,2.57205,2.71078, -1.#IND, FALSE, 
515,0,2.52858,3.31761, -1.#IND, FALSE, 
516,0,2.47852,4.10042, -1.#IND, FALSE, 
517,0,2.42951,4.98765, -1.#IND, FALSE, 
518,0,2.37416,6.1134, -1.#IND, FALSE, 
519,0,0.829277,7.48506, -1.#IND, FALSE, 
520,0,0.896224,9.06162, -1.#IND, FALSE, 
521,0,0.952474,10.6668, -1.#IND, FALSE, 
522,0,1.00683,12.3321, -1.#IND, FALSE, 
523,0,2.08987,14.0814, -1.#IND, FALSE, 
524,0,2.04297,15.9979, -1.#IND, FALSE, 
525,0,1.99128,18.0535, -1.#IND, FALSE, 
526,0,1.93495,20.0386, -1.#IND, FALSE, 
527,0,1.88298,21.9939, -1.#IND, FALSE, 
528,0,1.83481,23.681, -1.#IND, FALSE, 
529,0,1.79264,25.4725, -1.#IND, FALSE, 
530,0,1.75138,27.0937, -1.#IND, FALSE, 
531,0,1.71265,28.1775, -1.#IND, FALSE, 
532,0,1.67528,29.1519, -1.#IND, FALSE, 
533,0,1.64241,29.7953, -1.#IND, FALSE, 
534,0,1.6128,31.0986, -1.#IND, FALSE, 
535,0,1.58485,32.6264, -1.#IND, FALSE, 
536,0,1.55724,33.9217, -1.#IND, FALSE, 
537,0,1.52979,34.54, -1.#IND, FALSE, 
538,0,1.50522,34.7339, -1.#IND, FALSE, 
539,0,1.48097,34.6265, -1.#IND, FALSE, 
540,0,1.45584,34.7085, -1.#IND, FALSE, 
541,0,1.42778,34.8508, -1.#IND, FALSE, 
542,0,1.39731,35.0311, -1.#IND, FALSE, 
543,0,1.36462,35.4618, -1.#IND, FALSE, 
544,0,1.33106,35.6302, -1.#IND, FALSE, 
545,0,1.29479,35.3093, -1.#IND, FALSE, 
546,0,1.25307,34.6432, -1.#IND, FALSE, 
547,0,1.20775,33.49, -1.#IND, FALSE, 
548,0,1.15141,31.9728, -1.#IND, FALSE, 
549,0,1.09496,29.4222, -1.#IND, FALSE, 
550,0,1.03444,26.4405, -1.#IND, FALSE, 
551,0,2.17073,23.1006, -1.#IND, FALSE, 
552,0,2.23958,19.5288, -1.#IND, FALSE, 
553,0,2.31557,15.8383, -1.#IND, FALSE, 
554,0,2.38092,12.7179, -1.#IND, FALSE, 
555,0,2.44651,9.96335, -1.#IND, FALSE, 
556,0,2.51804,7.47287, -1.#IND, FALSE, 
557,0,2.60055,5.189, -1.#IND, FALSE, 
558,0,2.68795,3.32441, -1.#IND, FALSE, 
559,0,2.76521,2.07759, -1.#IND, FALSE, 
560,0,2.83369,1.26446, -1.#IND, FALSE, 
561,0,2.8939,0.743967, -1.#IND, FALSE, 
562,0,2.94606,0.422503, -1.#IND, FALSE, 
563,0,2.99192,0.227469, -1.#IND, FALSE, 
564,0,3.03317,0.110683, -1.#IND, FALSE, 
565,0,3.07476,0.0391127, -1.#IND, FALSE, 
566,0,3.10928,0.00861333, -1.#IND, FALSE, 
567,0,3.13987,2.33E-05, -1.#IND, FALSE, 
568,0,3.11209,0.00651256, -1.#IND, FALSE, 
569,0,3.0808,0.0266088, -1.#IND, FALSE, 
570,0,3.0498,0.0584652, -1.#IND, FALSE, 
571,0,3.01724,0.104181, -1.#IND, FALSE, 
572,0,2.98698,0.158261, -1.#IND, FALSE, 
573,0,2.95826,0.22116, -1.#IND, FALSE, 
574,0,2.93049,0.295331, -1.#IND, FALSE, 
575,0,2.90397,0.380556, -1.#IND, FALSE, 
576,0,2.87946,0.474636, -1.#IND, FALSE, 
577,0,2.85035,0.604444, -1.#IND, FALSE, 
578,0,2.8186,0.769601, -1.#IND, FALSE, 
579,0,2.78583,0.972543, -1.#IND, FALSE, 
580,0,2.75324,1.21312, -1.#IND, FALSE, 
581,0,2.71812,1.51926, -1.#IND, FALSE, 
582,0,2.67688,1.93351, -1.#IND, FALSE, 
583,0,2.62899,2.48939, -1.#IND, FALSE, 
584,0,2.58489,3.11105, -1.#IND, FALSE, 
585,0,2.53795,3.88087, -1.#IND, FALSE, 
586,0,2.48462,4.86644, -1.#IND, FALSE, 
587,0,2.43441,5.97672, -1.#IND, FALSE, 
588,0,2.37675,7.3801, -1.#IND, FALSE, 
589,0,0.827977,9.07461, -1.#IND, FALSE, 
590,0,0.893607,11.0304, -1.#IND, FALSE, 
591,0,0.965873,13.2826, -1.#IND, FALSE, 
592,0,2.10747,15.5548, -1.#IND, FALSE, 
593,0,2.04969,17.8166, -1.#IND, FALSE, 
594,0,1.99289,20.0834, -1.#IND, FALSE, 
595,0,1.94008,22.2844, -1.#IND, FALSE, 
596,0,1.8883,24.3088, -1.#IND, FALSE, 
597,0,1.83975,26.2321, -1.#IND, FALSE, 
598,0,1.79422,28.0198, -1.#IND, FALSE, 
599,0,1.75527,29.8193, -1.#IND, FALSE, 
600,0,1.71685,31.0049, -1.#IND, FALSE, 
601,0,1.67995,31.8453, -1.#IND, FALSE, 
602,0,1.64753,32.6612, -1.#IND, FALSE, 
603,0,1.61941,33.4282, -1.#IND, FALSE, 
604,0,1.5938,34.5032, -1.#IND, FALSE, 
605,0,1.56855,35.5478, -1.#IND, FALSE, 
606,0,1.54309,36.5373, -1.#IND, FALSE, 
607,0,1.51773,38.0043, -1.#IND, FALSE, 
608,0,1.49274,38.9972, -1.#IND, FALSE, 
609,0,1.46752,39.2625, -1.#IND, FALSE, 
610,0,1.4426,39.8877, -1.#IND, FALSE, 
611,0,1.41702,40.3251, -1.#IND, FALSE, 
612,0,1.38905,40.625, -1.#IND, FALSE, 
613,0,1.35787,41.2944, -1.#IND, FALSE, 
614,0,1.32178,41.9703, -1.#IND, FALSE, 
615,0,1.28379,41.8763, -1.#IND, FALSE, 
616,0,1.23857,41.255, -1.#IND, FALSE, 
617,0,1.18205,39.967, -1.#IND, FALSE, 
618,0,1.12194,37.1425, -1.#IND, FALSE, 
619,0,1.05917,33.4281, -1.#IND, FALSE, 
620,0,2.14922,29.1512, -1.#IND, FALSE, 
621,0,2.22604,24.3802, -1.#IND, FALSE, 
622,0,2.30507,19.5242, -1.#IND, FALSE, 
623,0,2.38552,15.0587, -1.#IND, FALSE, 
624,0,2.48056,10.7604, -1.#IND, FALSE, 
625,0,2.58887,6.89805, -1.#IND, FALSE, 
626,0,2.68333,4.2861, -1.#IND, FALSE, 
627,0,2.77155,2.50396, -1.#IND, FALSE, 
628,0,2.85298,1.35753, -1.#IND, FALSE, 
629,0,2.91991,0.719119, -1.#IND, FALSE, 
630,0,2.97755,0.356225, -1.#IND, FALSE, 
631,0,3.0274,0.157605, -1.#IND, FALSE, 
632,0,3.07391,0.0509283, -1.#IND, FALSE, 
633,0,3.11435,0.00765003, -1.#IND, FALSE, 
634,0,3.12959,0.00138271, -1.#IND, FALSE, 
635,0,3.09364,0.0208292, -1.#IND, FALSE, 
636,0,3.06422,0.0516217, -1.#IND, FALSE, 
637,0,3.03463,0.0948111, -1.#IND, FALSE, 
638,0,3.00456,0.149726, -1.#IND, FALSE, 
639,0,2.97523,0.214519, -1.#IND, FALSE, 
640,0,2.94579,0.293968, -1.#IND, FALSE, 
641,0,2.91807,0.383321, -1.#IND, FALSE, 
642,0,2.8924,0.480316, -1.#IND, FALSE, 
643,0,2.86764,0.590365, -1.#IND, FALSE, 
644,0,2.84211,0.723364, -1.#IND, FALSE, 
645,0,2.81851,0.867395, -1.#IND, FALSE, 
646,0,2.79195,1.05388, -1.#IND, FALSE, 
647,0,2.76331,1.28661, -1.#IND, FALSE, 
648,0,2.73754,1.53602, -1.#IND, FALSE, 
649,0,2.71023,1.83542, -1.#IND, FALSE, 
650,0,2.67871,2.22677, -1.#IND, FALSE, 
651,0,2.64381,2.7249, -1.#IND, FALSE, 
652,0,2.60258,3.37378, -1.#IND, FALSE, 
653,0,2.55868,4.17941, -1.#IND, FALSE, 
654,0,2.50842,5.21893, -1.#IND, FALSE, 
655,0,2.45507,6.48552, -1.#IND, FALSE, 
656,0,2.40039,7.99937, -1.#IND, FALSE, 
657,0,0.803654,9.88834, -1.#IND, FALSE, 
658,0,0.867894,12.0154, -1.#IND, FALSE, 
659,0,0.938978,14.4834, -1.#IND, FALSE, 
660,0,1.00804,17.08, -1.#IND, FALSE, 
661,0,2.06562,19.643, -1.#IND, FALSE, 
662,0,2.00438,22.1668, -1.#IND, FALSE, 
663,0,1.94742,24.6095, -1.#IND, FALSE, 
664,0,1.89487,26.7609, -1.#IND, FALSE, 
665,0,1.84133,28.4743, -1.#IND, FALSE, 
666,0,1.79418,30.0921, -1.#IND, FALSE, 
667,0,1.75367,31.7527, -1.#IND, FALSE, 
668,0,1.71752,33.1398, -1.#IND, FALSE, 
669,0,1.68314,34.4407, -1.#IND, FALSE, 
670,0,1.65235,35.8537, -1.#IND, FALSE, 
671,0,1.6225,37.041, -1.#IND, FALSE, 
672,0,1.59466,38.5267, -1.#IND, FALSE, 
673,0,1.56575,39.747, -1.#IND, FALSE, 
674,0,1.53819,40.392, -1.#IND, FALSE, 
675,0,1.51166,41.6146, -1.#IND, FALSE, 
676,0,1.48511,42.8842, -1.#IND, FALSE, 
677,0,1.45717,43.1562, -1.#IND, FALSE, 
678,0,1.42868,43.2839, -1.#IND, FALSE, 
679,0,1.39899,43.1897, -1.#IND, FALSE, 
680,0,1.36923,42.6069, -1.#IND, FALSE, 
681,0,1.33467,42.6451, -1.#IND, FALSE, 
682,0,1.29613,42.7341, -1.#IND, FALSE, 
683,0,1.25524,41.8207, -1.#IND, FALSE, 
684,0,1.21091,40.6064, -1.#IND, FALSE, 
685,0,1.15749,38.8957, -1.#IND, FALSE, 
686,0,1.10047,36.0628, -1.#IND, FALSE, 
687,0,1.03314,32.389, -1.#IND, FALSE, 
688,0,2.1772,28.012, -1.#IND, FALSE, 
689,0,2.25835,23.0607, -1.#IND, FALSE, 
690,0,2.34487,18.0681, -1.#IND, FALSE, 
691,0,2.43169,13.5856, -1.#IND, FALSE, 
692,0,2.51789,9.77836, -1.#IND, FALSE, 
693,0,2.62304,6.20677, -1.#IND, FALSE, 
694,0,2.71849,3.73201, -1.#IND, FALSE, 
695,0,2.8086,2.07091, -1.#IND, FALSE, 
696,0,2.88517,1.09816, -1.#IND, FALSE, 
697,0,2.94553,0.579601, -1.#IND, FALSE, 
698,0,2.99326,0.30335, -1.#IND, FALSE, 
699,0,3.03633,0.140141, -1.#IND, FALSE, 
700,0,3.07347,0.054747, -1.#IND, FALSE, 
701,0,3.10497,0.0148942, -1.#IND, FALSE, 
702,0,3.13619,0.000306871, -1.#IND, FALSE, 
703,0,3.1194,0.00493024, -1.#IND, FALSE, 
704,0,3.09135,0.0241341, -1.#IND, FALSE, 
705,0,3.06164,0.0587538, -1.#IND, FALSE, 
706,0,3.03204,0.106918, -1.#IND, FALSE, 
707,0,3.00518,0.162605, -1.#IND, FALSE, 
708,0,2.97848,0.23012, -1.#IND, FALSE, 
709,0,2.95388,0.305466, -1.#IND, FALSE, 
710,0,2.92871,0.396513, -1.#IND, FALSE, 
711,0,2.9068,0.490913, -1.#IND, FALSE, 
712,0,2.88424,0.603623, -1.#IND, FALSE, 
713,0,2.85938,0.747185, -1.#IND, FALSE, 
714,0,2.82987,0.945277, -1.#IND, FALSE, 
715,0,2.79839,1.19183, -1.#IND, FALSE, 
716,0,2.76159,1.5359, -1.#IND, FALSE, 
717,0,2.72549,1.93443, -1.#IND, FALSE, 
718,0,2.68591,2.44713, -1.#IND, FALSE, 
719,0,2.63979,3.13175, -1.#IND, FALSE, 
720,0,2.59039,3.99041, -1.#IND, FALSE, 
721,0,2.53484,5.12101, -1.#IND, FALSE, 
722,0,2.48298,6.38309, -1.#IND, FALSE, 
723,0,2.42271,8.01493, -1.#IND, FALSE, 
724,0,2.3605,9.93631, -1.#IND, FALSE, 
725,0,0.849091,12.2467, -1.#IND, FALSE, 
726,0,0.912989,14.7087, -1.#IND, FALSE, 
727,0,0.978414,17.3675, -1.#IND, FALSE, 
728,0,2.10128,20.0908, -1.#IND, FALSE, 
729,0,2.04399,22.8577, -1.#IND, FALSE, 
730,0,1.9928,25.7346, -1.#IND, FALSE, 
731,0,1.94285,28.5728, -1.#IND, FALSE, 
732,0,1.90028,31.7417, -1.#IND, FALSE, 
733,0,1.85317,34.481, -1.#IND, FALSE, 
734,0,1.8126,37.2791, -1.#IND, FALSE, 
735,0,1.77409,39.9596, -1.#IND, FALSE, 
736,0,1.73789,42.423, -1.#IND, FALSE, 
737,0,1.7033,45.1245, -1.#IND, FALSE, 
738,0,1.67255,47.3734, -1.#IND, FALSE, 
739,0,1.64506,50.2186, -1.#IND, FALSE, 
740,0,1.6189,53.1011, -1.#IND, FALSE, 
741,0,1.59177,56.1316, -1.#IND, FALSE, 
742,0,1.56574,58.5609, -1.#IND, FALSE, 
743,0,1.54046,60.9198, -1.#IND, FALSE, 
744,0,1.51669,63.4831, -1.#IND, FALSE, 
745,0,1.49228,65.8255, -1.#IND, FALSE, 
746,0,1.46683,68.2087, -1.#IND, FALSE, 
747,0,1.44016,70.5832, -1.#IND, FALSE, 
748,0,1.41029,72.0862, -1.#IND, FALSE, 
749,0,1.37609,73.4694, -1.#IND, FALSE, 
750,0,1.34116,74.3786, -1.#IND, FALSE, 
751,0,1.30149,74.5578, -1.#IND, FALSE, 
752,0,1.25661,73.6003, -1.#IND, FALSE, 
753,0,1.20185,71.5035, -1.#IND, FALSE, 
754,0,1.14866,66.146, -1.#IND, FALSE, 
755,0,1.09381,59.7405, -1.#IND, FALSE, 
756,0,1.02918,52.9256, -1.#IND, FALSE, 
757,0,2.19105,44.8107, -1.#IND, FALSE, 
758,0,2.27021,36.256, -1.#IND, FALSE, 
759,0,2.34594,28.413, -1.#IND, FALSE, 
760,0,2.41203,22.0742, -1.#IND, FALSE, 
761,0,2.47747,16.7586, -1.#IND, FALSE, 
762,0,2.55137,12.0823, -1.#IND, FALSE, 
763,0,2.61624,8.66861, -1.#IND, FALSE, 
764,0,2.68299,5.93971, -1.#IND, FALSE, 
765,0,2.7401,4.0816, -1.#IND, FALSE, 
766,0,2.78879,2.83724, -1.#IND, FALSE, 
767,0,2.84101,1.85255, -1.#IND, FALSE, 
768,0,2.89117,1.15951, -1.#IND, FALSE, 
769,0,2.9361,0.707324, -1.#IND, FALSE, 
770,0,2.98013,0.395725, -1.#IND, FALSE, 
771,0,3.01916,0.208083, -1.#IND, FALSE, 
772,0,3.05153,0.104353, -1.#IND, FALSE, 
773,0,3.08233,0.0421584, -1.#IND, FALSE, 
774,0,3.11289,0.00926271, -1.#IND, FALSE, 
775,0,3.13925,5.81E-05, -1.#IND, FALSE, 
776,0,3.11237,0.00856799, -1.#IND, FALSE, 
777,0,3.08502,0.030636, -1.#IND, FALSE, 
778,0,3.06197,0.0585591, -1.#IND, FALSE, 
779,0,3.03837,0.0954323, -1.#IND, FALSE, 
780,0,3.01373,0.143015, -1.#IND, FALSE, 
781,0,2.98759,0.203374, -1.#IND, FALSE, 
782,0,2.96221,0.272734, -1.#IND, FALSE, 
783,0,2.93789,0.351626, -1.#IND, FALSE, 
784,0,2.91537,0.436855, -1.#IND, FALSE, 
785,0,2.89346,0.532083, -1.#IND, FALSE, 
786,0,2.8683,0.65814, -1.#IND, FALSE, 
787,0,2.84237,0.809751, -1.#IND, FALSE, 
788,0,2.81769,0.978053, -1.#IND, FALSE, 
789,0,2.78998,1.19607, -1.#IND, FALSE, 
790,0,2.75871,1.48012, -1.#IND, FALSE, 
791,0,2.72763,1.81369, -1.#IND, FALSE, 
792,0,2.69041,2.26147, -1.#IND, FALSE, 
793,0,2.65466,2.7734, -1.#IND, FALSE, 
794,0,2.61543,3.41128, -1.#IND, FALSE, 
795,0,2.57066,4.24014, -1.#IND, FALSE, 
796,0,2.52179,5.28679, -1.#IND, FALSE, 
797,0,2.47191,6.52573, -1.#IND, FALSE, 
798,0,2.41914,8.01191, -1.#IND, FALSE, 
799,0,2.36507,9.74884, -1.#IND, FALSE, 
800,0,0.83868,11.882, -1.#IND, FALSE, 
801,0,0.900642,14.2164, -1.#IND, FALSE, 
802,0,0.959646,16.7561, -1.#IND, FALSE, 
803,0,2.12182,19.5188, -1.#IND, FALSE, 
804,0,2.05825,22.385, -1.#IND, FALSE, 
805,0,2.00319,25.2551, -1.#IND, FALSE, 
806,0,1.95477,28.1997, -1.#IND, FALSE, 
807,0,1.90755,31.1269, -1.#IND, FALSE, 
808,0,1.86732,34.1331, -1.#IND, FALSE, 
809,0,1.82332,36.7932, -1.#IND, FALSE, 
810,0,1.78138,39.1172, -1.#IND, FALSE, 
811,0,1.74521,41.6808, -1.#IND, FALSE, 
812,0,1.71013,44.3021, -1.#IND, FALSE, 
813,0,1.67729,46.6951, -1.#IND, FALSE, 
814,0,1.64487,48.6284, -1.#IND, FALSE, 
815,0,1.61534,50.6179, -1.#IND, FALSE, 
816,0,1.58608,52.6673, -1.#IND, FALSE, 
817,0,1.55766,53.9006, -1.#IND, FALSE, 
818,0,1.52933,54.9938, -1.#IND, FALSE, 
819,0,1.50122,56.3273, -1.#IND, FALSE, 
820,0,1.47369,58.501, -1.#IND, FALSE, 
821,0,1.44495,59.6221, -1.#IND, FALSE, 
822,0,1.41627,60.5406, -1.#IND, FALSE, 
823,0,1.38527,60.6122, -1.#IND, FALSE, 
824,0,1.35547,59.4953, -1.#IND, FALSE, 
825,0,1.32042,58.6861, -1.#IND, FALSE, 
826,0,1.28164,57.8528, -1.#IND, FALSE, 
827,0,1.24195,55.6949, -1.#IND, FALSE, 
828,0,1.1961,53.0214, -1.#IND, FALSE, 
829,0,1.14564,49.6739, -1.#IND, FALSE, 
830,0,1.08321,45.7796, -1.#IND, FALSE, 
831,0,1.02108,40.548, -1.#IND, FALSE, 
832,0,2.1868,34.7178, -1.#IND, FALSE, 
833,0,2.2611,28.6405, -1.#IND, FALSE, 
834,0,2.34449,22.5119, -1.#IND, FALSE, 
835,0,2.42903,16.9587, -1.#IND, FALSE, 
836,0,2.5012,12.7064, -1.#IND, FALSE, 
837,0,2.57226,9.21586, -1.#IND, FALSE, 
838,0,2.64538,6.39422, -1.#IND, FALSE, 
839,0,2.72297,4.12074, -1.#IND, FALSE, 
840,0,2.79363,2.56796, -1.#IND, FALSE, 
841,0,2.85761,1.5416, -1.#IND, FALSE, 
842,0,2.91143,0.919046, -1.#IND, FALSE, 
843,0,2.96215,0.508584, -1.#IND, FALSE, 
844,0,3.00967,0.252025, -1.#IND, FALSE, 
845,0,3.04919,0.114506, -1.#IND, FALSE, 
846,0,3.08192,0.0447791, -1.#IND, FALSE, 
847,0,3.11523,0.0082072, -1.#IND, FALSE, 
848,0,3.13553,0.000408688, -1.#IND, FALSE, 
849,0,3.10571,0.0136292, -1.#IND, FALSE, 
850,0,3.07781,0.0413765, -1.#IND, FALSE, 
851,0,3.04888,0.0848272, -1.#IND, FALSE, 
852,0,3.01872,0.145796, -1.#IND, FALSE, 
853,0,2.98963,0.218788, -1.#IND, FALSE, 
854,0,2.96262,0.301729, -1.#IND, FALSE, 
855,0,2.93927,0.386128, -1.#IND, FALSE, 
856,0,2.913,0.498227, -1.#IND, FALSE, 
857,0,2.8862,0.632937, -1.#IND, FALSE, 
858,0,2.85934,0.791758, -1.#IND, FALSE, 
859,0,2.83102,0.989208, -1.#IND, FALSE, 
860,0,2.80385,1.21468, -1.#IND, FALSE, 
861,0,2.77027,1.53411, -1.#IND, FALSE, 
862,0,2.73683,1.90858, -1.#IND, FALSE, 
863,0,2.70243,2.35902, -1.#IND, FALSE, 
864,0,2.66158,2.9714, -1.#IND, FALSE, 
865,0,2.61748,3.74139, -1.#IND, FALSE, 
866,0,2.56617,4.77335, -1.#IND, FALSE, 
867,0,2.51743,5.95799, -1.#IND, FALSE, 
868,0,2.4683,7.36527, -1.#IND, FALSE, 
869,0,2.41314,9.11193, -1.#IND, FALSE, 
870,0,0.791859,11.3245, -1.#IND, FALSE, 
871,0,0.854629,13.7403, -1.#IND, FALSE, 
872,0,0.911618,16.3371, -1.#IND, FALSE, 
873,0,0.972425,19.2778, -1.#IND, FALSE, 
874,0,2.10445,22.4777, -1.#IND, FALSE, 
875,0,2.04468,25.7247, -1.#IND, FALSE, 
876,0,1.98553,28.939, -1.#IND, FALSE, 
877,0,1.93557,32.2346, -1.#IND, FALSE, 
878,0,1.88494,35.2411, -1.#IND, FALSE, 
879,0,1.8387,37.9408, -1.#IND, FALSE, 
880,0,1.79336,40.4961, -1.#IND, FALSE, 
881,0,1.75283,42.8095, -1.#IND, FALSE, 
882,0,1.71642,45.3232, -1.#IND, FALSE, 
883,0,1.68232,47.4885, -1.#IND, FALSE, 
884,0,1.64864,49.2178, -1.#IND, FALSE, 
885,0,1.61818,50.7083, -1.#IND, FALSE, 
886,0,1.58918,52.6201, -1.#IND, FALSE, 
887,0,1.56402,53.8566, -1.#IND, FALSE, 
888,0,1.5408,55.2375, -1.#IND, FALSE, 
889,0,1.51685,56.7446, -1.#IND, FALSE, 
890,0,1.49049,57.7663, -1.#IND, FALSE, 
891,0,1.46471,58.8375, -1.#IND, FALSE, 
892,0,1.43763,59.7887, -1.#IND, FALSE, 
893,0,1.41017,60.2458, -1.#IND, FALSE, 
894,0,1.38098,60.8136, -1.#IND, FALSE, 
895,0,1.35051,60.6023, -1.#IND, FALSE, 
896,0,1.31408,61.3922, -1.#IND, FALSE, 
897,0,1.27458,60.6543, -1.#IND, FALSE, 
898,0,1.23072,59.0396, -1.#IND, FALSE, 
899,0,1.18154,56.3488, -1.#IND, FALSE, 
900,0,1.11841,53.0499, -1.#IND, FALSE, 
901,0,1.05122,47.6931, -1.#IND, FALSE, 
902,0,2.16645,41.1252, -1.#IND, FALSE, 
903,0,2.23898,34.2184, -1.#IND, FALSE, 
904,0,2.31445,27.5239, -1.#IND, FALSE, 
905,0,2.3929,21.2504, -1.#IND, FALSE, 
906,0,2.49203,14.9259, -1.#IND, FALSE, 
907,0,2.58768,9.95046, -1.#IND, FALSE, 
908,0,2.68851,6.02576, -1.#IND, FALSE, 
909,0,2.77886,3.45838, -1.#IND, FALSE, 
910,0,2.85287,1.95902, -1.#IND, FALSE, 
911,0,2.91853,1.04682, -1.#IND, FALSE, 
912,0,2.97098,0.554934, -1.#IND, FALSE, 
913,0,3.02267,0.245113, -1.#IND, FALSE, 
914,0,3.06553,0.091909, -1.#IND, FALSE, 
915,0,3.10461,0.0201017, -1.#IND, FALSE, 
916,0,3.13835,0.000144714, -1.#IND, FALSE, 
917,0,3.11124,0.0119683, -1.#IND, FALSE, 
918,0,3.08144,0.0446611, -1.#IND, FALSE, 
919,0,3.05276,0.0930708, -1.#IND, FALSE, 
920,0,3.02591,0.15244, -1.#IND, FALSE, 
921,0,2.99758,0.229552, -1.#IND, FALSE, 
922,0,2.9691,0.324237, -1.#IND, FALSE, 
923,0,2.94276,0.428019, -1.#IND, FALSE, 
924,0,2.91802,0.544902, -1.#IND, FALSE, 
925,0,2.89197,0.689377, -1.#IND, FALSE, 
926,0,2.86528,0.860819, -1.#IND, FALSE, 
927,0,2.83579,1.0832, -1.#IND, FALSE, 
928,0,2.80862,1.32346, -1.#IND, FALSE, 
929,0,2.78297,1.59187, -1.#IND, FALSE, 
930,0,2.75367,1.93709, -1.#IND, FALSE, 
931,0,2.72353,2.35016, -1.#IND, FALSE, 
932,0,2.69481,2.81248, -1.#IND, FALSE, 
933,0,2.66532,3.35859, -1.#IND, FALSE, 
934,0,2.63103,4.06245, -1.#IND, FALSE, 
935,0,2.5917,4.96949, -1.#IND, FALSE, 
936,0,2.54904,6.09362, -1.#IND, FALSE, 
937,0,2.50617,7.41501, -1.#IND, FALSE, 
938,0,2.46332,8.96271, -1.#IND, FALSE, 
939,0,2.41893,10.7696, -1.#IND, FALSE, 
940,0,2.37254,12.9113, -1.#IND, FALSE, 
941,0,0.818218,15.4621, -1.#IND, FALSE, 
942,0,0.865633,18.2706, -1.#IND, FALSE, 
943,0,0.910165,21.3908, -1.#IND, FALSE, 
944,0,0.967023,25.1602, -1.#IND, FALSE, 
945,0,2.11326,29.3271, -1.#IND, FALSE, 
946,0,2.05323,33.6499, -1.#IND, FALSE, 
947,0,1.99172,38.0081, -1.#IND, FALSE, 
948,0,1.93241,41.9662, -1.#IND, FALSE, 
949,0,1.87551,45.3858, -1.#IND, FALSE, 
950,0,1.82607,48.4317, -1.#IND, FALSE, 
951,0,1.78506,51.5271, -1.#IND, FALSE, 
952,0,1.74543,54.2498, -1.#IND, FALSE, 
953,0,1.70738,56.4261, -1.#IND, FALSE, 
954,0,1.67366,58.7176, -1.#IND, FALSE, 
955,0,1.64499,60.881, -1.#IND, FALSE, 
956,0,1.61509,62.4529, -1.#IND, FALSE, 
957,0,1.58649,64.3186, -1.#IND, FALSE, 
958,0,1.55935,65.1249, -1.#IND, FALSE, 
959,0,1.53387,66.3318, -1.#IND, FALSE, 
960,0,1.5082,67.7474, -1.#IND, FALSE, 
961,0,1.48052,68.5445, -1.#IND, FALSE, 
962,0,1.45346,69.9631, -1.#IND, FALSE, 
963,0,1.42451,71.9166, -1.#IND, FALSE, 
964,0,1.39428,73.8973, -1.#IND, FALSE, 
965,0,1.36041,76.2219, -1.#IND, FALSE, 
966,0,1.32345,76.4923, -1.#IND, FALSE, 
967,0,1.28608,75.1628, -1.#IND, FALSE, 
968,0,1.24281,73.0758, -1.#IND, FALSE, 
969,0,1.19172,70.1553, -1.#IND, FALSE, 
970,0,1.1372,65.4653, -1.#IND, FALSE, 
971,0,1.08378,59.4811, -1.#IND, FALSE, 
972,0,2.1294,52.6716, -1.#IND, FALSE, 
973,0,2.20822,44.5329, -1.#IND, FALSE, 
974,0,2.29657,35.6585, -1.#IND, FALSE, 
975,0,2.37802,27.6078, -1.#IND, FALSE, 
976,0,2.45834,20.6116, -1.#IND, FALSE, 
977,0,2.54595,14.3948, -1.#IND, FALSE, 
978,0,2.62209,9.96936, -1.#IND, FALSE, 
979,0,2.68601,6.94158, -1.#IND, FALSE, 
980,0,2.74687,4.7158, -1.#IND, FALSE, 
981,0,2.79653,3.26735, -1.#IND, FALSE, 
982,0,2.85497,2.03494, -1.#IND, FALSE, 
983,0,2.90573,1.24848, -1.#IND, FALSE, 
984,0,2.95072,0.743554, -1.#IND, FALSE, 
985,0,2.99454,0.404144, -1.#IND, FALSE, 
986,0,3.03363,0.200766, -1.#IND, FALSE, 
987,0,3.06826,0.086078, -1.#IND, FALSE, 
988,0,3.09685,0.0301152, -1.#IND, FALSE, 
989,0,3.12272,0.0050602, -1.#IND, FALSE, 
990,0,3.13494,0.000597751, -1.#IND, FALSE, 
991,0,3.10878,0.0138963, -1.#IND, FALSE, 
992,0,3.08504,0.0396375, -1.#IND, FALSE, 
993,0,3.06016,0.0794731, -1.#IND, FALSE, 
994,0,3.03731,0.127081, -1.#IND, FALSE, 
995,0,3.0136,0.18759, -1.#IND, FALSE, 
996,0,2.99214,0.253004, -1.#IND, FALSE, 
997,0,2.97144,0.325382, -1.#IND, FALSE, 
998,0,2.95176,0.406185, -1.#IND, FALSE, 
999,0,2.93156,0.501267, -1.#IND, FALSE, 
1000,0,2.91052,0.614385, -1.#IND, FALSE, 
